,MIGPUMA,PUMA,filler_x,distance,year,internal,pop_orig,pop_dest,dens_orig,dens_dest,filler_y
0,21001002,21001001,124,0.0,2018,1,196280,196280,236.7248966544866,236.724896654487,160
1,21001002,21002001,5,128602.43,2018,0,196280,107986,236.7248966544866,130.237286988646,160
2,21001002,21003001,1,126902.05,2018,0,196280,107294,236.7248966544866,129.402695443481,160
3,21001002,21005001,1,263705.0,2018,0,196280,131264,236.7248966544866,242.308040887884,160
4,21001002,21006001,2,392467.97,2018,0,196280,104582,236.7248966544866,126.13186846301,160
5,21001002,21007001,5,468036.66,2018,0,196280,103167,236.7248966544866,124.425297601148,160
6,21001002,21009001,1,568326.81,2018,0,196280,119856,236.7248966544866,144.55318531394,160
7,21001002,21011001,1,636886.19,2018,0,196280,142943,236.7248966544866,172.397426648065,160
8,21001002,21013001,2,284741.53,2018,0,196280,164709,236.7248966544866,198.648466492072,160
9,21001002,21017011,1,371932.91,2018,0,196280,119395,236.7248966544866,4036.59613849508,160
10,21001002,21017021,3,373048.44,2018,0,196280,119909,236.7248966544866,3374.20283991042,160
11,21001002,21017031,1,390651.19,2018,0,196280,117144,236.7248966544866,1816.67621587588,160
12,21001002,21017041,2,377508.59,2018,0,196280,137943,236.7248966544866,1341.97829014241,160
13,21001002,21018001,6,429952.47,2018,0,196280,122305,236.7248966544866,150.910551830294,160
14,21001002,21019011,1,432375.5,2018,0,196280,113185,236.7248966544866,4108.06159495842,160
15,21001002,21021001,1,419998.41,2018,0,196280,128757,236.7248966544866,155.288299972191,160
16,21001002,21022001,2,495773.47,2018,0,196280,116956,236.7248966544866,141.055619589984,160
17,21001002,21027001,1,537366.81,2018,0,196280,138157,236.7248966544866,166.625237146392,160
18,21002002,21001001,7,128094.45,2018,0,107986,196280,130.23728698864576,236.724896654487,128
19,21002002,21002001,83,0.0,2018,1,107986,107986,130.23728698864576,130.237286988646,128
20,21002002,21003001,8,86030.45,2018,0,107986,107294,130.23728698864576,129.402695443481,128
21,21002002,21004001,3,181119.78,2018,0,107986,174287,130.23728698864576,210.200081838295,128
22,21002002,21005001,2,160371.95,2018,0,107986,131264,130.23728698864576,242.308040887884,128
23,21002002,21008001,1,411805.28,2018,0,107986,110809,130.23728698864576,133.641986312345,128
24,21002002,21012001,2,248260.44,2018,0,107986,112897,130.23728698864576,136.160233633593,128
25,21002002,21013001,2,181408.47,2018,0,107986,164709,130.23728698864576,198.648466492072,128
26,21002002,21014001,5,69663.48,2018,0,107986,107805,130.23728698864576,130.018990645185,128
27,21002002,21015001,5,125173.72,2018,0,107986,109180,130.23728698864576,168.992347605184,128
28,21002002,21017011,5,268599.84,2018,0,107986,119395,130.23728698864576,4036.59613849508,128
29,21002002,21017031,1,287318.13,2018,0,107986,117144,130.23728698864576,1816.67621587588,128
30,21002002,21017061,1,261761.34,2018,0,107986,140254,130.23728698864576,1486.38683877063,128
31,21002002,21018001,1,326619.41,2018,0,107986,122305,130.23728698864576,150.910551830294,128
32,21002002,21019011,1,329042.47,2018,0,107986,113185,130.23728698864576,4108.06159495842,128
33,21002002,21028001,1,494869.56,2018,0,107986,130394,130.23728698864576,157.262615520507,128
34,21003002,21001001,3,126578.13,2018,0,107294,196280,129.40269544348118,236.724896654487,80
35,21003002,21003001,64,0.0,2018,1,107294,107294,129.40269544348118,129.402695443481,80
36,21003002,21005001,2,124096.83,2018,0,107294,131264,129.40269544348118,242.308040887884,80
37,21003002,21008001,2,371754.81,2018,0,107294,110809,129.40269544348118,133.641986312345,80
38,21003002,21014001,3,109016.95,2018,0,107294,107805,129.40269544348118,130.018990645185,80
39,21003002,21015001,2,171671.47,2018,0,107294,109180,129.40269544348118,168.992347605184,80
40,21003002,21019011,2,345312.59,2018,0,107294,113185,129.40269544348118,4108.06159495842,80
41,21003002,21028001,2,511139.69,2018,0,107294,130394,129.40269544348118,157.262615520507,80
42,21004002,21001001,1,284793.22,2018,0,174287,196280,210.2000818382948,236.724896654487,150
43,21004002,21003001,4,144883.11,2018,0,174287,107294,210.2000818382948,129.402695443481,150
44,21004002,21004001,120,0.0,2018,1,174287,174287,210.2000818382948,210.200081838295,150
45,21004002,21005001,8,23514.84,2018,0,174287,131264,210.2000818382948,242.308040887884,150
46,21004002,21006001,1,98895.08,2018,0,174287,104582,210.2000818382948,126.13186846301,150
47,21004002,21007001,1,174463.78,2018,0,174287,103167,210.2000818382948,124.425297601148,150
48,21004002,21009001,4,274753.97,2018,0,174287,119856,210.2000818382948,144.55318531394,150
49,21004002,21013001,1,136732.81,2018,0,174287,164709,210.2000818382948,198.648466492072,150
50,21004002,21014001,1,153223.14,2018,0,174287,107805,210.2000818382948,130.018990645185,150
51,21004002,21017021,1,172552.75,2018,0,174287,119909,210.2000818382948,3374.20283991042,150
52,21004002,21018001,2,229456.77,2018,0,174287,122305,210.2000818382948,150.910551830294,150
53,21004002,21019011,3,231879.83,2018,0,174287,113185,210.2000818382948,4108.06159495842,150
54,21004002,21020001,3,201209.27,2018,0,174287,122287,210.2000818382948,147.485110236332,150
55,21005002,21001001,3,263936.25,2018,0,131264,196280,242.30804088788403,236.724896654487,138
56,21005002,21002001,1,160742.94,2018,0,131264,107986,242.30804088788403,130.237286988646,138
57,21005002,21003001,1,124026.15,2018,0,131264,107294,242.30804088788403,129.402695443481,138
58,21005002,21004001,19,23485.33,2018,0,131264,174287,242.30804088788403,210.200081838295,138
59,21005002,21005001,104,0.0,2018,1,131264,131264,242.30804088788403,242.308040887884,138
60,21005002,21006001,1,121026.67,2018,0,131264,104582,242.30804088788403,126.13186846301,138
61,21005002,21017041,1,189282.45,2018,0,131264,137943,242.30804088788403,1341.97829014241,138
62,21005002,21018001,2,241726.31,2018,0,131264,122305,242.30804088788403,150.910551830294,138
63,21005002,21019011,3,244149.38,2018,0,131264,113185,242.30804088788403,4108.06159495842,138
64,21005002,21020001,1,213478.81,2018,0,131264,122287,242.30804088788403,147.485110236332,138
65,21005002,21022001,1,284704.38,2018,0,131264,116956,242.30804088788403,141.055619589984,138
66,21005002,21025001,1,332611.63,2018,0,131264,131533,242.30804088788403,534.071357652531,138
67,21006002,21001001,2,392098.03,2018,0,104582,196280,126.13186846300955,236.724896654487,106
68,21006002,21002001,3,288904.69,2018,0,104582,107986,126.13186846300955,130.237286988646,106
69,21006002,21004001,1,98922.03,2018,0,104582,174287,126.13186846300955,210.200081838295,106
70,21006002,21005001,4,120600.16,2018,0,104582,131264,126.13186846300955,242.308040887884,106
71,21006002,21006001,64,0.0,2018,1,104582,104582,126.13186846300955,126.13186846301,106
72,21006002,21008001,1,132169.05,2018,0,104582,110809,126.13186846300955,133.641986312345,106
73,21006002,21009001,2,185357.55,2018,0,104582,119856,126.13186846300955,144.55318531394,106
74,21006002,21012001,2,85288.09,2018,0,104582,112897,126.13186846300955,136.160233633593,106
75,21006002,21013001,4,147788.73,2018,0,104582,164709,126.13186846300955,198.648466492072,106
76,21006002,21014001,1,260527.94,2018,0,104582,107805,126.13186846300955,130.018990645185,106
77,21006002,21017021,1,176133.5,2018,0,104582,119909,126.13186846300955,3374.20283991042,106
78,21006002,21017041,2,166296.38,2018,0,104582,137943,126.13186846300955,1341.97829014241,106
79,21006002,21017061,2,168179.45,2018,0,104582,140254,126.13186846300955,1486.38683877063,106
80,21006002,21018001,2,185208.0,2018,0,104582,122305,126.13186846300955,150.910551830294,106
81,21006002,21019011,5,141525.19,2018,0,104582,113185,126.13186846300955,4108.06159495842,106
82,21006002,21019021,1,147337.84,2018,0,104582,210595,126.13186846300955,822.363972060826,106
83,21006002,21021001,2,98190.47,2018,0,104582,128757,126.13186846300955,155.288299972191,106
84,21006002,21023001,3,205328.08,2018,0,104582,140429,126.13186846300955,169.36539898254,106
85,21006002,21026001,2,253057.08,2018,0,104582,162748,126.13186846300955,196.28338842839,106
86,21006002,21027001,1,257723.94,2018,0,104582,138157,126.13186846300955,166.625237146392,106
87,21006002,21028001,1,318559.72,2018,0,104582,130394,126.13186846300955,157.262615520507,106
88,21007002,21004001,1,176590.27,2018,0,103167,174287,124.42529760114846,210.200081838295,72
89,21007002,21006001,1,86554.02,2018,0,103167,104582,124.42529760114846,126.13186846301,72
90,21007002,21007001,53,0.0,2018,1,103167,103167,124.42529760114846,124.425297601148,72
91,21007002,21010001,1,181869.67,2018,0,103167,103759,124.42529760114846,125.139283431694,72
92,21007002,21014001,3,338196.19,2018,0,103167,107805,124.42529760114846,130.018990645185,72
93,21007002,21015001,1,327131.91,2018,0,103167,109180,124.42529760114846,168.992347605184,72
94,21007002,21018001,4,216055.77,2018,0,103167,122305,124.42529760114846,150.910551830294,72
95,21007002,21019021,3,145987.81,2018,0,103167,210595,124.42529760114846,822.363972060826,72
96,21007002,21020001,2,142072.2,2018,0,103167,122287,124.42529760114846,147.485110236332,72
97,21007002,21022001,2,131476.13,2018,0,103167,116956,124.42529760114846,141.055619589984,72
98,21007002,21025001,1,264935.69,2018,0,103167,131533,124.42529760114846,534.071357652531,72
99,21008002,21001001,1,517901.34,2018,0,110809,196280,133.64198631234464,236.724896654487,108
100,21008002,21002001,3,414708.0,2018,0,110809,107986,133.64198631234464,130.237286988646,108
101,21008002,21004001,3,224725.34,2018,0,110809,174287,133.64198631234464,210.200081838295,108
102,21008002,21006001,1,134689.09,2018,0,110809,104582,133.64198631234464,126.13186846301,108
103,21008002,21007001,2,90495.23,2018,0,110809,103167,133.64198631234464,124.425297601148,108
104,21008002,21008001,69,0.0,2018,1,110809,110809,133.64198631234464,133.641986312345,108
105,21008002,21009001,7,89824.87,2018,0,110809,119856,133.64198631234464,144.55318531394,108
106,21008002,21010001,5,122540.96,2018,0,110809,103759,133.64198631234464,125.139283431694,108
107,21008002,21011001,1,189691.56,2018,0,110809,142943,133.64198631234464,172.397426648065,108
108,21008002,21018001,1,241055.2,2018,0,110809,122305,133.64198631234464,150.910551830294,108
109,21008002,21019011,4,135277.36,2018,0,110809,113185,133.64198631234464,4108.06159495842,108
110,21008002,21019021,2,132618.42,2018,0,110809,210595,133.64198631234464,822.363972060826,108
111,21008002,21022001,6,118106.74,2018,0,110809,116956,133.64198631234464,141.055619589984,108
112,21008002,21028001,3,200753.09,2018,0,110809,130394,133.64198631234464,157.262615520507,108
113,21009002,21001001,1,570962.25,2018,0,119856,196280,144.55318531394002,236.724896654487,110
114,21009002,21003001,1,427351.84,2018,0,119856,107294,144.55318531394002,129.402695443481,110
115,21009002,21004001,1,277786.28,2018,0,119856,174287,144.55318531394002,210.200081838295,110
116,21009002,21005001,2,299464.41,2018,0,119856,131264,144.55318531394002,242.308040887884,110
117,21009002,21006001,3,187750.02,2018,0,119856,104582,144.55318531394002,126.13186846301,110
118,21009002,21008001,8,89244.29,2018,0,119856,110809,144.55318531394002,133.641986312345,110
119,21009002,21009001,74,0.0,2018,1,119856,119856,144.55318531394002,144.55318531394,110
120,21009002,21010001,5,128442.7,2018,0,119856,103759,144.55318531394002,125.139283431694,110
121,21009002,21017011,1,314613.84,2018,0,119856,119395,144.55318531394002,4036.59613849508,110
122,21009002,21019021,1,185647.06,2018,0,119856,210595,144.55318531394002,822.363972060826,110
123,21009002,21020001,1,207547.05,2018,0,119856,122287,144.55318531394002,147.485110236332,110
124,21009002,21021001,4,150735.23,2018,0,119856,128757,144.55318531394002,155.288299972191,110
125,21009002,21022001,2,171135.39,2018,0,119856,116956,144.55318531394002,141.055619589984,110
126,21009002,21025001,1,304594.94,2018,0,119856,131533,144.55318531394002,534.071357652531,110
127,21009002,21026001,3,267960.13,2018,0,119856,162748,144.55318531394002,196.28338842839,110
128,21009002,21027001,2,255682.95,2018,0,119856,138157,144.55318531394002,166.625237146392,110
129,21010002,21006001,1,225868.8,2018,0,103759,104582,125.13928343169388,126.13186846301,64
130,21010002,21008001,2,122319.8,2018,0,103759,110809,125.13928343169388,133.641986312345,64
131,21010002,21009001,2,128233.66,2018,0,103759,119856,125.13928343169388,144.55318531394,64
132,21010002,21010001,45,0.0,2018,1,103759,103759,125.13928343169388,125.139283431694,64
133,21010002,21011001,2,94591.66,2018,0,103759,142943,125.13928343169388,172.397426648065,64
134,21010002,21016001,2,268951.38,2018,0,103759,117670,125.13928343169388,173.490047846119,64
135,21010002,21019011,3,171621.73,2018,0,103759,113185,125.13928343169388,4108.06159495842,64
136,21010002,21019021,1,165474.58,2018,0,103759,210595,125.13928343169388,822.363972060826,64
137,21010002,21020001,1,213544.47,2018,0,103759,122287,125.13928343169388,147.485110236332,64
138,21010002,21023001,2,167848.7,2018,0,103759,140429,125.13928343169388,169.36539898254,64
139,21010002,21027001,3,151662.97,2018,0,103759,138157,125.13928343169388,166.625237146392,64
140,21011002,21007001,1,249243.28,2018,0,142943,103167,172.3974266480654,124.425297601148,101
141,21011002,21008001,3,189888.14,2018,0,142943,110809,172.3974266480654,133.641986312345,101
142,21011002,21010001,2,94956.32,2018,0,142943,103759,172.3974266480654,125.139283431694,101
143,21011002,21011001,77,0.0,2018,1,142943,142943,172.3974266480654,172.397426648065,101
144,21011002,21013001,2,386321.03,2018,0,142943,164709,172.3974266480654,198.648466492072,101
145,21011002,21014001,1,504408.22,2018,0,142943,107805,172.3974266480654,130.018990645185,101
146,21011002,21017031,1,307815.53,2018,0,142943,117144,172.3974266480654,1816.67621587588,101
147,21011002,21019011,2,205033.67,2018,0,142943,113185,172.3974266480654,4108.06159495842,101
148,21011002,21019021,1,198886.52,2018,0,142943,210595,172.3974266480654,822.363972060826,101
149,21011002,21020001,2,246956.41,2018,0,142943,122287,172.3974266480654,147.485110236332,101
150,21011002,21023001,2,201260.64,2018,0,142943,140429,172.3974266480654,169.36539898254,101
151,21011002,21027001,7,163740.44,2018,0,142943,138157,172.3974266480654,166.625237146392,101
152,21012902,21001001,2,299806.03,2018,0,277606,196280,167.40435006283218,236.724896654487,235
153,21012902,21004001,5,104181.92,2018,0,277606,174287,167.40435006283218,210.200081838295,235
154,21012902,21005001,1,116013.2,2018,0,277606,131264,167.40435006283218,242.308040887884,235
155,21012902,21006001,4,107979.89,2018,0,277606,104582,167.40435006283218,126.13186846301,235
156,21012902,21008001,1,223553.3,2018,0,277606,110809,167.40435006283218,133.641986312345,235
157,21012902,21009001,5,276701.38,2018,0,277606,119856,167.40435006283218,144.55318531394,235
158,21012902,21012001,72,62118.12,2018,0,277606,112897,167.40435006283218,136.160233633593,235
159,21012902,21013001,96,40703.93,2018,0,277606,164709,167.40435006283218,198.648466492072,235
160,21012902,21014001,4,168603.47,2018,0,277606,107805,167.40435006283218,130.018990645185,235
161,21012902,21015001,1,157539.22,2018,0,277606,109180,167.40435006283218,168.992347605184,235
162,21012902,21016001,4,71288.24,2018,0,277606,117670,167.40435006283218,173.490047846119,235
163,21012902,21017011,11,77463.58,2018,0,277606,119395,167.40435006283218,4036.59613849508,235
164,21012902,21017021,1,78579.13,2018,0,277606,119909,167.40435006283218,3374.20283991042,235
165,21012902,21017031,2,96181.87,2018,0,277606,117144,167.40435006283218,1816.67621587588,235
166,21012902,21017051,4,65180.91,2018,0,277606,135872,167.40435006283218,2519.04565844954,235
167,21012902,21017061,1,59658.47,2018,0,277606,140254,167.40435006283218,1486.38683877063,235
168,21012902,21018001,6,135483.14,2018,0,277606,122305,167.40435006283218,150.910551830294,235
169,21012902,21019011,2,142900.14,2018,0,277606,113185,167.40435006283218,4108.06159495842,235
170,21012902,21019021,2,146827.91,2018,0,277606,210595,167.40435006283218,822.363972060826,235
171,21012902,21021001,5,130523.05,2018,0,277606,128757,167.40435006283218,155.288299972191,235
172,21012902,21022001,1,206298.09,2018,0,277606,116956,167.40435006283218,141.055619589984,235
173,21012902,21023001,1,176158.67,2018,0,277606,140429,167.40435006283218,169.36539898254,235
174,21012902,21024001,1,221262.72,2018,0,277606,166051,167.40435006283218,1035.99411191638,235
175,21012902,21026001,2,204350.03,2018,0,277606,162748,167.40435006283218,196.28338842839,235
176,21012902,21027001,1,247891.47,2018,0,277606,138157,167.40435006283218,166.625237146392,235
177,21014002,21001001,1,195392.77,2018,0,107805,196280,130.01899064518508,236.724896654487,72
178,21014002,21002001,4,69954.38,2018,0,107805,107986,130.01899064518508,130.237286988646,72
179,21014002,21003001,2,109186.7,2018,0,107805,107294,130.01899064518508,129.402695443481,72
180,21014002,21004001,1,153083.75,2018,0,107805,174287,130.01899064518508,210.200081838295,72
181,21014002,21005001,2,132335.92,2018,0,107805,131264,130.01899064518508,242.308040887884,72
182,21014002,21013001,1,148541.92,2018,0,107805,164709,130.01899064518508,198.648466492072,72
183,21014002,21014001,49,0.0,2018,1,107805,107805,130.01899064518508,130.018990645185,72
184,21014002,21015001,7,57157.74,2018,0,107805,109180,130.01899064518508,168.992347605184,72
185,21014002,21017031,1,239771.81,2018,0,107805,117144,130.01899064518508,1816.67621587588,72
186,21014002,21023001,1,334631.97,2018,0,107805,140429,130.01899064518508,169.36539898254,72
187,21014002,21024001,1,359733.94,2018,0,107805,166051,130.01899064518508,1035.99411191638,72
188,21014002,21026001,2,342821.25,2018,0,107805,162748,130.01899064518508,196.28338842839,72
189,21015002,21001001,1,260170.83,2018,0,109180,196280,168.99234760518456,236.724896654487,87
190,21015002,21002001,5,126846.37,2018,0,109180,107986,168.99234760518456,130.237286988646,87
191,21015002,21003001,1,174022.77,2018,0,109180,107294,168.99234760518456,129.402695443481,87
192,21015002,21010001,3,467160.38,2018,0,109180,103759,168.99234760518456,125.139283431694,87
193,21015002,21013001,2,88606.16,2018,0,109180,164709,168.99234760518456,198.648466492072,87
194,21015002,21014001,8,54161.12,2018,0,109180,107805,168.99234760518456,130.018990645185,87
195,21015002,21015001,60,0.0,2018,1,109180,109180,168.99234760518456,168.992347605184,87
196,21015002,21017011,1,172655.06,2018,0,109180,119395,168.99234760518456,4036.59613849508,87
197,21015002,21018001,3,227988.7,2018,0,109180,122305,168.99234760518456,150.910551830294,87
198,21015002,21019011,2,293363.72,2018,0,109180,113185,168.99234760518456,4108.06159495842,87
199,21015002,21026001,1,296855.59,2018,0,109180,162748,168.99234760518456,196.28338842839,87
200,21016902,21001001,4,396741.91,2018,0,239975,196280,161.19778289114606,236.724896654487,175
201,21016902,21003001,1,310593.84,2018,0,239975,107294,161.19778289114606,129.402695443481,175
202,21016902,21005001,4,209957.05,2018,0,239975,131264,161.19778289114606,242.308040887884,175
203,21016902,21012001,3,95613.68,2018,0,239975,112897,161.19778289114606,136.160233633593,175
204,21016902,21013001,4,126582.1,2018,0,239975,164709,161.19778289114606,198.648466492072,175
205,21016902,21014001,2,258506.0,2018,0,239975,107805,161.19778289114606,130.018990645185,175
206,21016902,21015001,2,215864.44,2018,0,239975,109180,161.19778289114606,168.992347605184,175
207,21016902,21016001,44,38252.83,2018,0,239975,117670,161.19778289114606,173.490047846119,175
208,21016902,21017011,5,50462.86,2018,0,239975,119395,161.19778289114606,4036.59613849508,175
209,21016902,21017021,14,38381.91,2018,0,239975,119909,161.19778289114606,3374.20283991042,175
210,21016902,21017031,8,34240.24,2018,0,239975,117144,161.19778289114606,1816.67621587588,175
211,21016902,21017041,5,29221.04,2018,0,239975,137943,161.19778289114606,1341.97829014241,175
212,21016902,21017051,3,42065.64,2018,0,239975,135872,161.19778289114606,2519.04565844954,175
213,21016902,21017061,3,57452.12,2018,0,239975,140254,161.19778289114606,1486.38683877063,175
214,21016902,21018001,54,31868.63,2018,0,239975,122305,161.19778289114606,150.910551830294,175
215,21016902,21019011,1,94287.85,2018,0,239975,113185,161.19778289114606,4108.06159495842,175
216,21016902,21020001,4,60610.16,2018,0,239975,122287,161.19778289114606,147.485110236332,175
217,21016902,21021001,4,115758.41,2018,0,239975,128757,161.19778289114606,155.288299972191,175
218,21016902,21024001,2,126569.77,2018,0,239975,166051,161.19778289114606,1035.99411191638,175
219,21016902,21025001,1,131675.5,2018,0,239975,131533,161.19778289114606,534.071357652531,175
220,21016902,21027001,4,187095.56,2018,0,239975,138157,161.19778289114606,166.625237146392,175
221,21016902,21028001,3,247931.36,2018,0,239975,130394,161.19778289114606,157.262615520507,175
222,21017002,21001001,3,364983.97,2018,0,770517,196280,2024.0255671264208,236.724896654487,729
223,21017002,21002001,2,261790.64,2018,0,770517,107986,2024.0255671264208,130.237286988646,729
224,21017002,21003001,2,278835.91,2018,0,770517,107294,2024.0255671264208,129.402695443481,729
225,21017002,21004001,2,166367.83,2018,0,770517,174287,2024.0255671264208,210.200081838295,729
226,21017002,21005001,18,178199.11,2018,0,770517,131264,2024.0255671264208,242.308040887884,729
227,21017002,21007001,1,215459.56,2018,0,770517,103167,2024.0255671264208,124.425297601148,729
228,21017002,21008001,2,250309.27,2018,0,770517,110809,2024.0255671264208,133.641986312345,729
229,21017002,21009001,3,303457.34,2018,0,770517,119856,2024.0255671264208,144.55318531394,729
230,21017002,21010001,3,279368.38,2018,0,770517,103759,2024.0255671264208,125.139283431694,729
231,21017002,21012001,4,72268.41,2018,0,770517,112897,2024.0255671264208,136.160233633593,729
232,21017002,21013001,8,95107.02,2018,0,770517,164709,2024.0255671264208,198.648466492072,729
233,21017002,21014001,4,233781.39,2018,0,770517,107805,2024.0255671264208,130.018990645185,729
234,21017002,21016001,25,32628.33,2018,0,770517,117670,2024.0255671264208,173.490047846119,729
235,21017002,21017011,107,17838.67,2018,0,770517,119395,2024.0255671264208,4036.59613849508,729
236,21017002,21017021,132,10546.95,2018,0,770517,119909,2024.0255671264208,3374.20283991042,729
237,21017002,21017031,106,18950.38,2018,0,770517,117144,2024.0255671264208,1816.67621587588,729
238,21017002,21017041,83,23541.27,2018,0,770517,137943,2024.0255671264208,1341.97829014241,729
239,21017002,21017051,80,7448.31,2018,0,770517,135872,2024.0255671264208,2519.04565844954,729
240,21017002,21017061,82,21098.03,2018,0,770517,140254,2024.0255671264208,1486.38683877063,729
241,21017002,21018001,22,59684.27,2018,0,770517,122305,2024.0255671264208,150.910551830294,729
242,21017002,21019011,3,120090.94,2018,0,770517,113185,2024.0255671264208,4108.06159495842,729
243,21017002,21019021,1,123836.5,2018,0,770517,210595,2024.0255671264208,822.363972060826,729
244,21017002,21020001,2,86413.24,2018,0,770517,122287,2024.0255671264208,147.485110236332,729
245,21017002,21021001,10,135728.16,2018,0,770517,128757,2024.0255671264208,155.288299972191,729
246,21017002,21022001,11,179008.23,2018,0,770517,116956,2024.0255671264208,141.055619589984,729
247,21017002,21023001,3,144166.61,2018,0,770517,140429,2024.0255671264208,169.36539898254,729
248,21017002,21024001,3,145463.84,2018,0,770517,166051,2024.0255671264208,1035.99411191638,729
249,21017002,21025001,4,150569.58,2018,0,770517,131533,2024.0255671264208,534.071357652531,729
250,21017002,21026001,1,128551.16,2018,0,770517,162748,2024.0255671264208,196.28338842839,729
251,21017002,21027001,1,212898.66,2018,0,770517,138157,2024.0255671264208,166.625237146392,729
252,21017002,21028001,1,273734.44,2018,0,770517,130394,2024.0255671264208,157.262615520507,729
253,21019002,21004001,2,235703.31,2018,0,323780,174287,1141.5301775410328,210.200081838295,422
254,21019002,21005001,5,247534.59,2018,0,323780,131264,1141.5301775410328,242.308040887884,422
255,21019002,21006001,1,148206.19,2018,0,323780,104582,1141.5301775410328,126.13186846301,422
256,21019002,21008001,1,132777.78,2018,0,323780,110809,1141.5301775410328,133.641986312345,422
257,21019002,21009001,1,185925.84,2018,0,323780,119856,1141.5301775410328,144.55318531394,422
258,21019002,21010001,2,165587.66,2018,0,323780,103759,1141.5301775410328,125.139283431694,422
259,21019002,21011001,1,198637.27,2018,0,323780,142943,1141.5301775410328,172.397426648065,422
260,21019002,21012001,1,116211.41,2018,0,323780,112897,1141.5301775410328,136.160233633593,422
261,21019002,21013001,4,185029.73,2018,0,323780,164709,1141.5301775410328,198.648466492072,422
262,21019002,21015001,2,292052.63,2018,0,323780,109180,1141.5301775410328,168.992347605184,422
263,21019002,21016001,1,114169.61,2018,0,323780,117670,1141.5301775410328,173.490047846119,422
264,21019002,21017011,2,135844.45,2018,0,323780,119395,1141.5301775410328,4036.59613849508,422
265,21019002,21017021,5,123763.51,2018,0,323780,119909,1141.5301775410328,3374.20283991042,422
266,21019002,21017031,4,119621.84,2018,0,323780,117144,1141.5301775410328,1816.67621587588,422
267,21019002,21017041,4,114602.63,2018,0,323780,137943,1141.5301775410328,1341.97829014241,422
268,21019002,21017061,5,142833.72,2018,0,323780,140254,1141.5301775410328,1486.38683877063,422
269,21019002,21018001,6,115314.46,2018,0,323780,122305,1141.5301775410328,150.910551830294,422
270,21019002,21019011,170,5926.81,2018,0,323780,113185,1141.5301775410328,4108.06159495842,422
271,21019002,21019021,147,497.98,2018,0,323780,210595,1141.5301775410328,822.363972060826,422
272,21019002,21020001,6,45665.08,2018,0,323780,122287,1141.5301775410328,147.485110236332,422
273,21019002,21021001,11,70110.12,2018,0,323780,128757,1141.5301775410328,155.288299972191,422
274,21019002,21022001,3,61476.76,2018,0,323780,116956,1141.5301775410328,141.055619589984,422
275,21019002,21023001,28,37625.94,2018,0,323780,140429,1141.5301775410328,169.36539898254,422
276,21019002,21024001,7,117200.3,2018,0,323780,166051,1141.5301775410328,1035.99411191638,422
277,21019002,21027001,1,99117.93,2018,0,323780,138157,1141.5301775410328,166.625237146392,422
278,21019002,21028001,2,159953.72,2018,0,323780,130394,1141.5301775410328,157.262615520507,422
279,21020002,21001001,1,399621.28,2018,0,122287,196280,147.4851102363318,236.724896654487,113
280,21020002,21004001,1,201005.14,2018,0,122287,174287,147.4851102363318,210.200081838295,113
281,21020002,21005001,1,212836.42,2018,0,122287,131264,147.4851102363318,242.308040887884,113
282,21020002,21006001,1,141000.55,2018,0,122287,104582,147.4851102363318,126.13186846301,113
283,21020002,21009001,1,207795.66,2018,0,122287,119856,147.4851102363318,144.55318531394,113
284,21020002,21012001,5,81513.23,2018,0,122287,112897,147.4851102363318,136.160233633593,113
285,21020002,21016001,3,65861.75,2018,0,122287,117670,147.4851102363318,173.490047846119,113
286,21020002,21017041,1,77904.71,2018,0,122287,137943,147.4851102363318,1341.97829014241,113
287,21020002,21018001,2,78616.54,2018,0,122287,122305,147.4851102363318,150.910551830294,113
288,21020002,21019011,7,42768.55,2018,0,122287,113185,147.4851102363318,4108.06159495842,113
289,21020002,21019021,1,46696.32,2018,0,122287,210595,147.4851102363318,822.363972060826,113
290,21020002,21020001,67,0.0,2018,1,122287,122287,147.4851102363318,147.485110236332,113
291,21020002,21021001,6,59816.55,2018,0,122287,128757,147.4851102363318,155.288299972191,113
292,21020002,21022001,6,106166.5,2018,0,122287,116956,147.4851102363318,141.055619589984,113
293,21020002,21023001,4,76027.09,2018,0,122287,140429,147.4851102363318,169.36539898254,113
294,21020002,21024001,1,148039.17,2018,0,122287,166051,147.4851102363318,1035.99411191638,113
295,21020002,21027001,4,147759.88,2018,0,122287,138157,147.4851102363318,166.625237146392,113
296,21020002,21028001,1,208595.67,2018,0,122287,130394,147.4851102363318,157.262615520507,113
297,21021002,21002001,3,315361.91,2018,0,128757,107986,155.28829997219142,130.237286988646,105
298,21021002,21007001,1,84479.78,2018,0,128757,103167,155.28829997219142,124.425297601148,105
299,21021002,21012001,2,85252.31,2018,0,128757,112897,155.28829997219142,136.160233633593,105
300,21021002,21015001,2,276288.41,2018,0,128757,109180,155.28829997219142,168.992347605184,105
301,21021002,21018001,2,133729.06,2018,0,128757,122305,155.28829997219142,150.910551830294,105
302,21021002,21019011,4,63503.02,2018,0,128757,113185,155.28829997219142,4108.06159495842,105
303,21021002,21019021,12,69315.66,2018,0,128757,210595,155.28829997219142,822.363972060826,105
304,21021002,21020001,6,59745.5,2018,0,128757,122287,155.28829997219142,147.485110236332,105
305,21021002,21021001,62,0.0,2018,1,128757,128757,155.28829997219142,155.288299972191,105
306,21021002,21022001,8,65709.84,2018,0,128757,116956,155.28829997219142,141.055619589984,105
307,21021002,21023001,3,103320.59,2018,0,128757,140429,155.28829997219142,169.36539898254,105
308,21022002,21004001,1,265842.38,2018,0,116956,174287,141.0556195899844,210.200081838295,119
309,21022002,21006001,2,175806.13,2018,0,116956,104582,141.0556195899844,126.13186846301,119
310,21022002,21008001,4,118383.57,2018,0,116956,110809,141.0556195899844,133.641986312345,119
311,21022002,21009001,1,171531.63,2018,0,116956,119856,141.0556195899844,144.55318531394,119
312,21022002,21010001,3,140523.67,2018,0,116956,103759,141.0556195899844,125.139283431694,119
313,21022002,21011001,3,173573.28,2018,0,116956,142943,141.0556195899844,172.397426648065,119
314,21022002,21012001,1,146272.48,2018,0,116956,112897,141.0556195899844,136.160233633593,119
315,21022002,21014001,1,364269.72,2018,0,116956,107805,141.0556195899844,130.018990645185,119
316,21022002,21015001,1,353205.47,2018,0,116956,109180,141.0556195899844,168.992347605184,119
317,21022002,21016001,1,168465.83,2018,0,116956,117670,141.0556195899844,173.490047846119,119
318,21022002,21017011,1,190140.67,2018,0,116956,119395,141.0556195899844,4036.59613849508,119
319,21022002,21019011,1,63832.82,2018,0,116956,113185,141.0556195899844,4108.06159495842,119
320,21022002,21019021,6,61173.89,2018,0,116956,210595,141.0556195899844,822.363972060826,119
321,21022002,21020001,2,106817.93,2018,0,116956,122287,141.0556195899844,147.485110236332,119
322,21022002,21021001,2,65710.84,2018,0,116956,128757,141.0556195899844,155.288299972191,119
323,21022002,21022001,83,0.0,2018,1,116956,116956,141.0556195899844,141.055619589984,119
324,21022002,21023001,3,91922.16,2018,0,116956,140429,141.0556195899844,169.36539898254,119
325,21022002,21027001,3,108160.98,2018,0,116956,138157,141.0556195899844,166.625237146392,119
326,21023002,21004001,1,265251.13,2018,0,140429,174287,169.36539898253972,210.200081838295,135
327,21023002,21006001,1,205246.52,2018,0,140429,104582,169.36539898253972,126.13186846301,135
328,21023002,21010001,4,168072.34,2018,0,140429,103759,169.36539898253972,125.139283431694,135
329,21023002,21012001,3,145759.2,2018,0,140429,112897,169.36539898253972,136.160233633593,135
330,21023002,21014001,4,332664.69,2018,0,140429,107805,169.36539898253972,130.018990645185,135
331,21023002,21017011,7,155099.72,2018,0,140429,119395,169.36539898253972,4036.59613849508,135
332,21023002,21017021,1,143018.77,2018,0,140429,119909,169.36539898253972,3374.20283991042,135
333,21023002,21017061,1,162088.97,2018,0,140429,140254,169.36539898253972,1486.38683877063,135
334,21023002,21018001,2,134569.72,2018,0,140429,122305,169.36539898253972,150.910551830294,135
335,21023002,21019011,5,35383.67,2018,0,140429,113185,169.36539898253972,4108.06159495842,135
336,21023002,21019021,5,37443.22,2018,0,140429,210595,169.36539898253972,822.363972060826,135
337,21023002,21020001,5,75212.88,2018,0,140429,122287,169.36539898253972,147.485110236332,135
338,21023002,21021001,1,103331.17,2018,0,140429,128757,169.36539898253972,155.288299972191,135
339,21023002,21022001,4,92614.96,2018,0,140429,116956,169.36539898253972,141.055619589984,135
340,21023002,21023001,82,0.0,2018,1,140429,140429,169.36539898253972,169.36539898254,135
341,21023002,21024001,1,117638.83,2018,0,140429,166051,169.36539898253972,1035.99411191638,135
342,21023002,21026001,2,89629.27,2018,0,140429,162748,169.36539898253972,196.28338842839,135
343,21023002,21027001,6,79683.3,2018,0,140429,138157,169.36539898253972,166.625237146392,135
344,21024002,21012001,1,216582.23,2018,0,166051,112897,1035.994111916381,136.160233633593,128
345,21024002,21017011,2,150379.47,2018,0,166051,119395,1035.994111916381,4036.59613849508,128
346,21024002,21017021,2,142872.25,2018,0,166051,119909,1035.994111916381,3374.20283991042,128
347,21024002,21017031,1,132357.61,2018,0,166051,117144,1035.994111916381,1816.67621587588,128
348,21024002,21020001,1,148438.17,2018,0,166051,122287,1035.994111916381,147.485110236332,128
349,21024002,21022001,1,172404.25,2018,0,166051,116956,1035.994111916381,141.055619589984,128
350,21024002,21023001,1,117872.17,2018,0,166051,140429,1035.994111916381,169.36539898254,128
351,21024002,21024001,80,0.0,2018,1,166051,166051,1035.994111916381,1035.99411191638,128
352,21024002,21025001,20,22704.53,2018,0,166051,131533,1035.994111916381,534.071357652531,128
353,21024002,21026001,18,41850.39,2018,0,166051,162748,1035.994111916381,196.28338842839,128
354,21024002,21028001,1,198507.94,2018,0,166051,130394,1035.994111916381,157.262615520507,128
355,21025002,21004001,1,321854.19,2018,0,131533,174287,534.0713576525313,210.200081838295,92
356,21025002,21008001,1,251669.75,2018,0,131533,110809,534.0713576525313,133.641986312345,92
357,21025002,21017011,4,153139.34,2018,0,131533,119395,534.0713576525313,4036.59613849508,92
358,21025002,21017031,2,135117.5,2018,0,131533,117144,534.0713576525313,1816.67621587588,92
359,21025002,21018001,2,108270.0,2018,0,131533,122305,534.0713576525313,150.910551830294,92
360,21025002,21019011,4,121451.41,2018,0,131533,113185,534.0713576525313,4108.06159495842,92
361,21025002,21019021,3,125196.98,2018,0,131533,210595,534.0713576525313,822.363972060826,92
362,21025002,21022001,3,180368.72,2018,0,131533,116956,534.0713576525313,141.055619589984,92
363,21025002,21024001,26,22455.99,2018,0,131533,166051,534.0713576525313,1035.99411191638,92
364,21025002,21025001,33,0.0,2018,1,131533,131533,534.0713576525313,534.071357652531,92
365,21025002,21026001,13,49814.85,2018,0,131533,162748,534.0713576525313,196.28338842839,92
366,21026002,21001001,1,499183.53,2018,0,162748,196280,196.28338842839,236.724896654487,135
367,21026002,21007001,1,228379.67,2018,0,162748,103167,196.28338842839,124.425297601148,135
368,21026002,21009001,1,268299.03,2018,0,162748,119856,196.28338842839,144.55318531394,135
369,21026002,21017011,1,131852.56,2018,0,162748,119395,196.28338842839,4036.59613849508,135
370,21026002,21017031,2,113830.7,2018,0,162748,117144,196.28338842839,1816.67621587588,135
371,21026002,21018001,2,86983.22,2018,0,162748,122305,196.28338842839,150.910551830294,135
372,21026002,21019021,2,88678.2,2018,0,162748,210595,196.28338842839,822.363972060826,135
373,21026002,21020001,3,119883.87,2018,0,162748,122287,196.28338842839,147.485110236332,135
374,21026002,21022001,2,143849.94,2018,0,162748,116956,196.28338842839,141.055619589984,135
375,21026002,21023001,4,89317.86,2018,0,162748,140429,196.28338842839,169.36539898254,135
376,21026002,21024001,16,41628.77,2018,0,162748,166051,196.28338842839,1035.99411191638,135
377,21026002,21025001,5,50254.02,2018,0,162748,131533,196.28338842839,534.071357652531,135
378,21026002,21026001,95,0.0,2018,1,162748,162748,196.28338842839,196.28338842839,135
379,21027002,21005001,1,348447.28,2018,0,138157,131264,166.6252371463924,242.308040887884,136
380,21027002,21006001,1,260166.58,2018,0,138157,104582,166.6252371463924,126.13186846301,136
381,21027002,21007001,1,215972.72,2018,0,138157,103167,166.6252371463924,124.425297601148,136
382,21027002,21008001,1,202744.02,2018,0,138157,110809,166.6252371463924,133.641986312345,136
383,21027002,21009001,3,255892.08,2018,0,138157,119856,166.6252371463924,144.55318531394,136
384,21027002,21011001,2,162262.94,2018,0,138157,142943,166.6252371463924,172.397426648065,136
385,21027002,21014001,2,404029.56,2018,0,138157,107805,166.6252371463924,130.018990645185,136
386,21027002,21017011,1,223659.5,2018,0,138157,119395,166.6252371463924,4036.59613849508,136
387,21027002,21017051,1,215262.28,2018,0,138157,135872,166.6252371463924,2519.04565844954,136
388,21027002,21018001,3,203129.5,2018,0,138157,122305,166.6252371463924,150.910551830294,136
389,21027002,21020001,1,146577.75,2018,0,138157,122287,166.6252371463924,147.485110236332,136
390,21027002,21021001,1,153554.66,2018,0,138157,128757,166.6252371463924,155.288299972191,136
391,21027002,21022001,1,107989.65,2018,0,138157,116956,166.6252371463924,141.055619589984,136
392,21027002,21023001,7,79657.88,2018,0,138157,140429,166.6252371463924,169.36539898254,136
393,21027002,21024001,3,141682.34,2018,0,138157,166051,166.6252371463924,1035.99411191638,136
394,21027002,21027001,106,0.0,2018,1,138157,138157,166.6252371463924,166.625237146392,136
395,21027002,21028001,1,86889.18,2018,0,138157,130394,166.6252371463924,157.262615520507,136
396,21028002,21003001,2,510682.66,2018,0,130394,107294,157.26261552050707,129.402695443481,93
397,21028002,21006001,3,321765.19,2018,0,130394,104582,157.26261552050707,126.13186846301,93
398,21028002,21009001,2,317490.69,2018,0,130394,119856,157.26261552050707,144.55318531394,93
399,21028002,21010001,2,151753.97,2018,0,130394,103759,157.26261552050707,125.139283431694,93
400,21028002,21011001,1,102672.77,2018,0,130394,142943,157.26261552050707,172.397426648065,93
401,21028002,21013001,2,347541.0,2018,0,130394,164709,157.26261552050707,198.648466492072,93
402,21028002,21015001,1,454563.91,2018,0,130394,109180,157.26261552050707,168.992347605184,93
403,21028002,21018001,1,264728.09,2018,0,130394,122305,157.26261552050707,150.910551830294,93
404,21028002,21019011,1,166253.63,2018,0,130394,113185,157.26261552050707,4108.06159495842,93
405,21028002,21020001,1,208176.36,2018,0,130394,122287,157.26261552050707,147.485110236332,93
406,21028002,21021001,1,215153.25,2018,0,130394,128757,157.26261552050707,155.288299972191,93
407,21028002,21022001,1,169588.25,2018,0,130394,116956,157.26261552050707,141.055619589984,93
408,21028002,21023001,2,151261.94,2018,0,130394,140429,157.26261552050707,169.36539898254,93
409,21028002,21026001,1,238604.39,2018,0,130394,162748,157.26261552050707,196.28338842839,93
410,21028002,21027001,5,87076.81,2018,0,130394,138157,157.26261552050707,166.625237146392,93
411,21028002,21028001,67,0.0,2018,1,130394,130394,157.26261552050707,157.262615520507,93
